Workbook

Sheet AYR RACE 7 - WIN
A1: id | B1: Horse Number | C1: legs | D1: Tote Odds | E1: 1/Odds | F1: Amount Bet On Horse | H1: pool total grossAmount | I1: pool total netAmount | J1: pool carryIn netAmount | K1: pool guarantee netAmount | L1: pool topUp netAmount | M1: selling status
A2: WIN-HORSERACING-AYR-GB-2026-01-02-1530-1 | B2: 1 | C2: PHANTOMOFTHEPOINTS | D2: 0 | E2: =IFERROR(1/D2,0) -> 0 | F2: =IFERROR(($H$2/(D2*$E$13)),0) -> 0 | H2: 21850.94 | I2: 17644.64 | J2: 0 | K2: 0 | L2: 0 | M2: CLOSED
A3: WIN-HORSERACING-AYR-GB-2026-01-02-1530-2 | B3: 2 | C3: IKARAK | D3: 3.6 | E3: =IFERROR(1/D3,0) -> 0.27777778 | F3: =IFERROR(($H$2/(D3*$E$13)),0) -> 4862.8167
A4: WIN-HORSERACING-AYR-GB-2026-01-02-1530-3 | B4: 3 | C4: WHISTLE STOP TOUR | D4: 8.7 | E4: =IFERROR(1/D4,0) -> 0.11494253 | F4: =IFERROR(($H$2/(D4*$E$13)),0) -> 2012.2
A5: WIN-HORSERACING-AYR-GB-2026-01-02-1530-4 | B5: 4 | C5: AUTHORIZED MISSION | D5: 2.4 | E5: =IFERROR(1/D5,0) -> 0.41666667 | F5: =IFERROR(($H$2/(D5*$E$13)),0) -> 7294.2251
A6: WIN-HORSERACING-AYR-GB-2026-01-02-1530-5 | B6: 5 | C6: BAPTISM OF FIRE | D6: 77.8 | E6: =IFERROR(1/D6,0) -> 0.01285347 | F6: =IFERROR(($H$2/(D6*$E$13)),0) -> 225.01466
A7: WIN-HORSERACING-AYR-GB-2026-01-02-1530-6 | B7: 6 | C7: GAILLIMH A STOR | D7: 48.1 | E7: =IFERROR(1/D7,0) -> 0.020790021 | F7: =IFERROR(($H$2/(D7*$E$13)),0) -> 363.95302
A8: WIN-HORSERACING-AYR-GB-2026-01-02-1530-7 | B8: 7 | C8: HIGHLAND FASHION | D8: 4.2 | E8: =IFERROR(1/D8,0) -> 0.23809524 | F8: =IFERROR(($H$2/(D8*$E$13)),0) -> 4168.1286
A9: WIN-HORSERACING-AYR-GB-2026-01-02-1530-8 | B9: 8 | C9: IMAGINARY DRAGON | D9: 40.5 | E9: =IFERROR(1/D9,0) -> 0.024691358 | F9: =IFERROR(($H$2/(D9*$E$13)),0) -> 432.25038
A10: WIN-HORSERACING-AYR-GB-2026-01-02-1530-9 | B10: 9 | C10: FOLLOW CHARLIE | D10: 19.8 | E10: =IFERROR(1/D10,0) -> 0.050505051 | F10: =IFERROR(($H$2/(D10*$E$13)),0) -> 884.1485
A11: WIN-HORSERACING-AYR-GB-2026-01-02-1530-10 | B11: 10 | C11: COCONUT SPLASH | D11: 17.5 | E11: =IFERROR(1/D11,0) -> 0.057142857 | F11: =IFERROR(($H$2/(D11*$E$13)),0) -> 1000.3509
A12: WIN-HORSERACING-AYR-GB-2026-01-02-1530-11 | B12: 11 | C12: FOSTERED PHIL | D12: 28.8 | E12: =IFERROR(1/D12,0) -> 0.034722222 | F12: =IFERROR(($H$2/(D12*$E$13)),0) -> 607.85209
E13: =SUM(E2:E12) -> 1.2481872 | F13: =SUM(F2:F12) -> 21850.94

Sheet AYR RACE 7 -EXACTA
A1: Horse First | B1: Horse Second | C1: Tote Odds | D1: 1/Odds | E1: Amount Bet On Horse | F1: Fair Odds H1 | G1: Fair Odds H2 | H1: pFirst | I1: pSecond | J1: pFirst Not Wins | K1: Fair Exacta Probability | L1: Fair Exacta Odds | M1: Value | O1: SUM 1/Odds | P1: CheckSum Amount Bet | Q1: pool total grossAmount | R1: pool total netAmount | S1: pool carryIn netAmount | T1: pool guarantee netAmount | U1: pool topUp netAmount | V1: selling status | W1: result dividends dividend amount
A2: 2 | B2: 3 | C2: 26.7 | D2: =1/C2 -> 0.037453184 | E2: =IF(F2=0,0,($Q$2/(C2*$O$2))) -> 217.05682 | F2: =_xlfn.XLOOKUP(A2,'AYR RACE 7 - WIN'!B:B,'AYR RACE 7 - WIN'!D:D) -> 3.6 | G2: =_xlfn.XLOOKUP(B2,'AYR RACE 7 - WIN'!B:B,'AYR RACE 7 - WIN'!D:D) -> 8.7 | H2: =IFERROR(1/F2,0) -> 0.27777778 | I2: =IFERROR(1/G2,0) -> 0.11494253 | J2: =1-H2 -> 0.72222222 | K2: =H2*I2/J2 -> 0.044208665 | L2: =IFERROR(1/K2,0) -> 22.62 | M2: =IFERROR(C2/L2-1,0) -> 0.18037135 | O2: =SUM(D:D) -> 1.3603749 | P2: =SUM(E:E) -> 7816.4506 | Q2: 7883.94 | R2: 5912.96 | S2: 0 | T2: 0 | U2: 0 | V2: CLOSED | W2: 16.2
A3: 2 | B3: 6 | C3: 119.8 | D3: =1/C3 -> 0.0083472454 | E3: =IF(F3=0,0,($Q$2/(C3*$O$2))) -> 48.375769 | F3: =_xlfn.XLOOKUP(A3,'AYR RACE 7 - WIN'!B:B,'AYR RACE 7 - WIN'!D:D) -> 3.6 | G3: =_xlfn.XLOOKUP(B3,'AYR RACE 7 - WIN'!B:B,'AYR RACE 7 - WIN'!D:D) -> 48.1 | H3: =IFERROR(1/F3,0) -> 0.27777778 | I3: =IFERROR(1/G3,0) -> 0.020790021 | J3: =1-H3 -> 0.72222222 | K3: =H3*I3/J3 -> 0.0079961618 | L3: =IFERROR(1/K3,0) -> 125.06 | M3: =IFERROR(C3/L3-1,0) -> -0.042059811
A4: 2 | B4: 9 | C4: 30.4 | D4: =1/C4 -> 0.032894737 | E4: =IF(F4=0,0,($Q$2/(C4*$O$2))) -> 190.63872 | F4: =_xlfn.XLOOKUP(A4,'AYR RACE 7 - WIN'!B:B,'AYR RACE 7 - WIN'!D:D) -> 3.6 | G4: =_xlfn.XLOOKUP(B4,'AYR RACE 7 - WIN'!B:B,'AYR RACE 7 - WIN'!D:D) -> 19.8 | H4: =IFERROR(1/F4,0) -> 0.27777778 | I4: =IFERROR(1/G4,0) -> 0.050505051 | J4: =1-H4 -> 0.72222222 | K4: =H4*I4/J4 -> 0.019425019 | L4: =IFERROR(1/K4,0) -> 51.48 | M4: =IFERROR(C4/L4-1,0) -> -0.40947941
A5: 3 | B5: 2 | C5: 38.5 | D5: =1/C5 -> 0.025974026 | E5: =IF(F5=0,0,($Q$2/(C5*$O$2))) -> 150.53031 | F5: =_xlfn.XLOOKUP(A5,'AYR RACE 7 - WIN'!B:B,'AYR RACE 7 - WIN'!D:D) -> 8.7 | G5: =_xlfn.XLOOKUP(B5,'AYR RACE 7 - WIN'!B:B,'AYR RACE 7 - WIN'!D:D) -> 3.6 | H5: =IFERROR(1/F5,0) -> 0.11494253 | I5: =IFERROR(1/G5,0) -> 0.27777778 | J5: =1-H5 -> 0.88505747 | K5: =H5*I5/J5 -> 0.036075036 | L5: =IFERROR(1/K5,0) -> 27.72 | M5: =IFERROR(C5/L5-1,0) -> 0.38888889
A6: 3 | B6: 6 | C6: 199 | D6: =1/C6 -> 0.0050251256 | E6: =IF(F6=0,0,($Q$2/(C6*$O$2))) -> 29.122699 | F6: =_xlfn.XLOOKUP(A6,'AYR RACE 7 - WIN'!B:B,'AYR RACE 7 - WIN'!D:D) -> 8.7 | G6: =_xlfn.XLOOKUP(B6,'AYR RACE 7 - WIN'!B:B,'AYR RACE 7 - WIN'!D:D) -> 48.1 | H6: =IFERROR(1/F6,0) -> 0.11494253 | I6: =IFERROR(1/G6,0) -> 0.020790021 | J6: =1-H6 -> 0.88505747 | K6: =H6*I6/J6 -> 0.0027000027 | L6: =IFERROR(1/K6,0) -> 370.37 | M6: =IFERROR(C6/L6-1,0) -> -0.46269946
A7: 3 | B7: 9 | C7: 106.3 | D7: =1/C7 -> 0.0094073377 | E7: =IF(F7=0,0,($Q$2/(C7*$O$2))) -> 54.519446 | F7: =_xlfn.XLOOKUP(A7,'AYR RACE 7 - WIN'!B:B,'AYR RACE 7 - WIN'!D:D) -> 8.7 | G7: =_xlfn.XLOOKUP(B7,'AYR RACE 7 - WIN'!B:B,'AYR RACE 7 - WIN'!D:D) -> 19.8 | H7: =IFERROR(1/F7,0) -> 0.11494253 | I7: =IFERROR(1/G7,0) -> 0.050505051 | J7: =1-H7 -> 0.88505747 | K7: =H7*I7/J7 -> 0.0065590975 | L7: =IFERROR(1/K7,0) -> 152.46 | M7: =IFERROR(C7/L7-1,0) -> -0.30276794
A8: 6 | B8: 2 | C8: 241.5 | D8: =1/C8 -> 0.0041407867 | E8: =IF(F8=0,0,($Q$2/(C8*$O$2))) -> 23.997586 | F8: =_xlfn.XLOOKUP(A8,'AYR RACE 7 - WIN'!B:B,'AYR RACE 7 - WIN'!D:D) -> 48.1 | G8: =_xlfn.XLOOKUP(B8,'AYR RACE 7 - WIN'!B:B,'AYR RACE 7 - WIN'!D:D) -> 3.6 | H8: =IFERROR(1/F8,0) -> 0.020790021 | I8: =IFERROR(1/G8,0) -> 0.27777778 | J8: =1-H8 -> 0.97920998 | K8: =H8*I8/J8 -> 0.0058976174 | L8: =IFERROR(1/K8,0) -> 169.56 | M8: =IFERROR(C8/L8-1,0) -> 0.42427459
A9: 6 | B9: 3 | C9: 278.5 | D9: =1/C9 -> 0.0035906643 | E9: =IF(F9=0,0,($Q$2/(C9*$O$2))) -> 20.809397 | F9: =_xlfn.XLOOKUP(A9,'AYR RACE 7 - WIN'!B:B,'AYR RACE 7 - WIN'!D:D) -> 48.1 | G9: =_xlfn.XLOOKUP(B9,'AYR RACE 7 - WIN'!B:B,'AYR RACE 7 - WIN'!D:D) -> 8.7 | H9: =IFERROR(1/F9,0) -> 0.020790021 | I9: =IFERROR(1/G9,0) -> 0.11494253 | J9: =1-H9 -> 0.97920998 | K9: =H9*I9/J9 -> 0.0024403934 | L9: =IFERROR(1/K9,0) -> 409.77 | M9: =IFERROR(C9/L9-1,0) -> -0.32035044
A10: 6 | B10: 9 | C10: 503.2 | D10: =1/C10 -> 0.0019872814 | E10: =IF(F10=0,0,($Q$2/(C10*$O$2))) -> 11.517125 | F10: =_xlfn.XLOOKUP(A10,'AYR RACE 7 - WIN'!B:B,'AYR RACE 7 - WIN'!D:D) -> 48.1 | G10: =_xlfn.XLOOKUP(B10,'AYR RACE 7 - WIN'!B:B,'AYR RACE 7 - WIN'!D:D) -> 19.8 | H10: =IFERROR(1/F10,0) -> 0.020790021 | I10: =IFERROR(1/G10,0) -> 0.050505051 | J10: =1-H10 -> 0.97920998 | K10: =H10*I10/J10 -> 0.0010722941 | L10: =IFERROR(1/K10,0) -> 932.58 | M10: =IFERROR(C10/L10-1,0) -> -0.46042163
A11: 9 | B11: 2 | C11: 69.5 | D11: =1/C11 -> 0.014388489 | E11: =IF(F11=0,0,($Q$2/(C11*$O$2))) -> 83.387296 | F11: =_xlfn.XLOOKUP(A11,'AYR RACE 7 - WIN'!B:B,'AYR RACE 7 - WIN'!D:D) -> 19.8 | G11: =_xlfn.XLOOKUP(B11,'AYR RACE 7 - WIN'!B:B,'AYR RACE 7 - WIN'!D:D) -> 3.6 | H11: =IFERROR(1/F11,0) -> 0.050505051 | I11: =IFERROR(1/G11,0) -> 0.27777778 | J11: =1-H11 -> 0.94949495 | K11: =H11*I11/J11 -> 0.014775414 | L11: =IFERROR(1/K11,0) -> 67.68 | M11: =IFERROR(C11/L11-1,0) -> 0.026891253
A12: 9 | B12: 3 | C12: 144.7 | D12: =1/C12 -> 0.00691085 | E12: =IF(F12=0,0,($Q$2/(C12*$O$2))) -> 40.051258 | F12: =_xlfn.XLOOKUP(A12,'AYR RACE 7 - WIN'!B:B,'AYR RACE 7 - WIN'!D:D) -> 19.8 | G12: =_xlfn.XLOOKUP(B12,'AYR RACE 7 - WIN'!B:B,'AYR RACE 7 - WIN'!D:D) -> 8.7 | H12: =IFERROR(1/F12,0) -> 0.050505051 | I12: =IFERROR(1/G12,0) -> 0.11494253 | J12: =1-H12 -> 0.94949495 | K12: =H12*I12/J12 -> 0.0061139643 | L12: =IFERROR(1/K12,0) -> 163.56 | M12: =IFERROR(C12/L12-1,0) -> -0.11530937
A13: 9 | B13: 6 | C13: 466.6 | D13: =1/C13 -> 0.0021431633 | E13: =IF(F13=0,0,($Q$2/(C13*$O$2))) -> 12.420525 | F13: =_xlfn.XLOOKUP(A13,'AYR RACE 7 - WIN'!B:B,'AYR RACE 7 - WIN'!D:D) -> 19.8 | G13: =_xlfn.XLOOKUP(B13,'AYR RACE 7 - WIN'!B:B,'AYR RACE 7 - WIN'!D:D) -> 48.1 | H13: =IFERROR(1/F13,0) -> 0.050505051 | I13: =IFERROR(1/G13,0) -> 0.020790021 | J13: =1-H13 -> 0.94949495 | K13: =H13*I13/J13 -> 0.0011058522 | L13: =IFERROR(1/K13,0) -> 904.28 | M13: =IFERROR(C13/L13-1,0) -> -0.48400938
A14: 4 | B14: 7 | C14: 9.1 | D14: =1/C14 -> 0.10989011 | E14: =IF(F14=0,0,($Q$2/(C14*$O$2))) -> 636.85902 | F14: =_xlfn.XLOOKUP(A14,'AYR RACE 7 - WIN'!B:B,'AYR RACE 7 - WIN'!D:D) -> 2.4 | G14: =_xlfn.XLOOKUP(B14,'AYR RACE 7 - WIN'!B:B,'AYR RACE 7 - WIN'!D:D) -> 4.2 | H14: =IFERROR(1/F14,0) -> 0.41666667 | I14: =IFERROR(1/G14,0) -> 0.23809524 | J14: =1-H14 -> 0.58333333 | K14: =H14*I14/J14 -> 0.17006803 | L14: =IFERROR(1/K14,0) -> 5.88 | M14: =IFERROR(C14/L14-1,0) -> 0.54761905
... A99: 5 | B99: 11 | C99: 1734 | D99: =1/C99 -> 0.00057670127 | E99: =IF(F99=0,0,($Q$2/(C99*$O$2))) -> 3.3422244 | F99: =_xlfn.XLOOKUP(A99,'AYR RACE 7 - WIN'!B:B,'AYR RACE 7 - WIN'!D:D) -> 77.8 | G99: =_xlfn.XLOOKUP(B99,'AYR RACE 7 - WIN'!B:B,'AYR RACE 7 - WIN'!D:D) -> 28.8 | H99: =IFERROR(1/F99,0) -> 0.01285347 | I99: =IFERROR(1/G99,0) -> 0.034722222 | J99: =1-H99 -> 0.98714653 | K99: =H99*I99/J99 -> 0.00045211227 | L99: =IFERROR(1/K99,0) -> 2211.84 | M99: =IFERROR(C99/L99-1,0) -> -0.21603733

Sheet AYR RACE 7 -TRIFECT
A1: Horse First | B1: Horse Second | C1: Horse Third | D1: Tote Odds | E1: 1/Odds | F1: Amount Bet On Horse | G1: Fair Odds H1 | H1: Fair Odds H2 | I1: Fair Odds H3 | J1: pFirst | K1: pSecond | L1: pThird | M1: pFirst Not Wins | N1: pFirst And Second | O1: Fair Trifecta Probability | P1: Fair Trifecta Odds | Q1: Value | S1: SUM 1/Odds | T1: CheckSum Amount Bet | U1: pool total grossAmount | V1: pool total netAmount | W1: pool carryIn netAmount | X1: pool guarantee netAmount | Y1: pool topUp netAmount | Z1: selling status | AA1: result dividends dividend amount
A2: 4 | B2: 2 | C2: 7 | D2: 25.2 | E2: =1/D2 -> 0.03968254 | F2: =($U$2/(D2*$S$2)) -> 467.44351 | G2: =_xlfn.XLOOKUP(A2,'AYR RACE 7 - WIN'!B:B,'AYR RACE 7 - WIN'!D:D) -> 2.4 | H2: =_xlfn.XLOOKUP(B2,'AYR RACE 7 - WIN'!B:B,'AYR RACE 7 - WIN'!D:D) -> 3.6 | I2: =_xlfn.XLOOKUP(C2,'AYR RACE 7 - WIN'!B:B,'AYR RACE 7 - WIN'!D:D) -> 4.2 | J2: =1/G2 -> 0.41666667 | K2: =1/H2 -> 0.27777778 | L2: =1/I2 -> 0.23809524 | M2: =1-J2 -> 0.58333333 | N2: =1-J2-K2 -> 0.30555556 | O2: =J2*(K2/M2)*(L2/N2) -> 0.1546073 | P2: =1/O2 -> 6.468 | Q2: =IFERROR(D2/P2-1,0) -> 2.8961039 | S2: =SUM(E:E) -> 0.56360855 | T2: =SUM(F:F) -> 6639.07 | U2: 6639.07 | V2: 4979.31 | W2: 0 | X2: 0 | Y2: 0 | Z2: CLOSED | AA2: 68.6
A3: 4 | B3: 7 | C3: 2 | D3: 27.9 | E3: =1/D3 -> 0.035842294 | F3: =($U$2/(D3*$S$2)) -> 422.20704 | G3: =_xlfn.XLOOKUP(A3,'AYR RACE 7 - WIN'!B:B,'AYR RACE 7 - WIN'!D:D) -> 2.4 | H3: =_xlfn.XLOOKUP(B3,'AYR RACE 7 - WIN'!B:B,'AYR RACE 7 - WIN'!D:D) -> 4.2 | I3: =_xlfn.XLOOKUP(C3,'AYR RACE 7 - WIN'!B:B,'AYR RACE 7 - WIN'!D:D) -> 3.6 | J3: =1/G3 -> 0.41666667 | K3: =1/H3 -> 0.23809524 | L3: =1/I3 -> 0.27777778 | M3: =1-J3 -> 0.58333333 | N3: =1-J3-K3 -> 0.3452381 | O3: =J3*(K3/M3)*(L3/N3) -> 0.13683634 | P3: =1/O3 -> 7.308 | Q3: =IFERROR(D3/P3-1,0) -> 2.817734
A4: 2 | B4: 4 | C4: 7 | D4: 32 | E4: =1/D4 -> 0.03125 | F4: =($U$2/(D4*$S$2)) -> 368.11177 | G4: =_xlfn.XLOOKUP(A4,'AYR RACE 7 - WIN'!B:B,'AYR RACE 7 - WIN'!D:D) -> 3.6 | H4: =_xlfn.XLOOKUP(B4,'AYR RACE 7 - WIN'!B:B,'AYR RACE 7 - WIN'!D:D) -> 2.4 | I4: =_xlfn.XLOOKUP(C4,'AYR RACE 7 - WIN'!B:B,'AYR RACE 7 - WIN'!D:D) -> 4.2 | J4: =1/G4 -> 0.27777778 | K4: =1/H4 -> 0.41666667 | L4: =1/I4 -> 0.23809524 | M4: =1-J4 -> 0.72222222 | N4: =1-J4-K4 -> 0.30555556 | O4: =J4*(K4/M4)*(L4/N4) -> 0.12487512 | P4: =1/O4 -> 8.008 | Q4: =IFERROR(D4/P4-1,0) -> 2.996004
A5: 4 | B5: 2 | C5: 3 | D5: 33 | E5: =1/D5 -> 0.03030303 | F5: =($U$2/(D5*$S$2)) -> 356.95686 | G5: =_xlfn.XLOOKUP(A5,'AYR RACE 7 - WIN'!B:B,'AYR RACE 7 - WIN'!D:D) -> 2.4 | H5: =_xlfn.XLOOKUP(B5,'AYR RACE 7 - WIN'!B:B,'AYR RACE 7 - WIN'!D:D) -> 3.6 | I5: =_xlfn.XLOOKUP(C5,'AYR RACE 7 - WIN'!B:B,'AYR RACE 7 - WIN'!D:D) -> 8.7 | J5: =1/G5 -> 0.41666667 | K5: =1/H5 -> 0.27777778 | L5: =1/I5 -> 0.11494253 | M5: =1-J5 -> 0.58333333 | N5: =1-J5-K5 -> 0.30555556 | O5: =J5*(K5/M5)*(L5/N5) -> 0.074638006 | P5: =1/O5 -> 13.398 | Q5: =IFERROR(D5/P5-1,0) -> 1.4630542
A6: 4 | B6: 7 | C6: 3 | D6: 36.1 | E6: =1/D6 -> 0.027700831 | F6: =($U$2/(D6*$S$2)) -> 326.30406 | G6: =_xlfn.XLOOKUP(A6,'AYR RACE 7 - WIN'!B:B,'AYR RACE 7 - WIN'!D:D) -> 2.4 | H6: =_xlfn.XLOOKUP(B6,'AYR RACE 7 - WIN'!B:B,'AYR RACE 7 - WIN'!D:D) -> 4.2 | I6: =_xlfn.XLOOKUP(C6,'AYR RACE 7 - WIN'!B:B,'AYR RACE 7 - WIN'!D:D) -> 8.7 | J6: =1/G6 -> 0.41666667 | K6: =1/H6 -> 0.23809524 | L6: =1/I6 -> 0.11494253 | M6: =1-J6 -> 0.58333333 | N6: =1-J6-K6 -> 0.3452381 | O6: =J6*(K6/M6)*(L6/N6) -> 0.056621935 | P6: =1/O6 -> 17.661 | Q6: =IFERROR(D6/P6-1,0) -> 1.0440519
A7: 4 | B7: 3 | C7: 2 | D7: 37.7 | E7: =1/D7 -> 0.026525199 | F7: =($U$2/(D7*$S$2)) -> 312.45561 | G7: =_xlfn.XLOOKUP(A7,'AYR RACE 7 - WIN'!B:B,'AYR RACE 7 - WIN'!D:D) -> 2.4 | H7: =_xlfn.XLOOKUP(B7,'AYR RACE 7 - WIN'!B:B,'AYR RACE 7 - WIN'!D:D) -> 8.7 | I7: =_xlfn.XLOOKUP(C7,'AYR RACE 7 - WIN'!B:B,'AYR RACE 7 - WIN'!D:D) -> 3.6 | J7: =1/G7 -> 0.41666667 | K7: =1/H7 -> 0.11494253 | L7: =1/I7 -> 0.27777778 | M7: =1-J7 -> 0.58333333 | N7: =1-J7-K7 -> 0.4683908 | O7: =J7*(K7/M7)*(L7/N7) -> 0.048690233 | P7: =1/O7 -> 20.538 | Q7: =IFERROR(D7/P7-1,0) -> 0.83562177
A8: 7 | B8: 4 | C8: 2 | D8: 40.5 | E8: =1/D8 -> 0.024691358 | F8: =($U$2/(D8*$S$2)) -> 290.85374 | G8: =_xlfn.XLOOKUP(A8,'AYR RACE 7 - WIN'!B:B,'AYR RACE 7 - WIN'!D:D) -> 4.2 | H8: =_xlfn.XLOOKUP(B8,'AYR RACE 7 - WIN'!B:B,'AYR RACE 7 - WIN'!D:D) -> 2.4 | I8: =_xlfn.XLOOKUP(C8,'AYR RACE 7 - WIN'!B:B,'AYR RACE 7 - WIN'!D:D) -> 3.6 | J8: =1/G8 -> 0.23809524 | K8: =1/H8 -> 0.41666667 | L8: =1/I8 -> 0.27777778 | M8: =1-J8 -> 0.76190476 | N8: =1-J8-K8 -> 0.3452381 | O8: =J8*(K8/M8)*(L8/N8) -> 0.10476533 | P8: =1/O8 -> 9.5451429 | Q8: =IFERROR(D8/P8-1,0) -> 3.2429957
A9: 2 | B9: 4 | C9: 3 | D9: 40.6 | E9: =1/D9 -> 0.024630542 | F9: =($U$2/(D9*$S$2)) -> 290.13735 | G9: =_xlfn.XLOOKUP(A9,'AYR RACE 7 - WIN'!B:B,'AYR RACE 7 - WIN'!D:D) -> 3.6 | H9: =_xlfn.XLOOKUP(B9,'AYR RACE 7 - WIN'!B:B,'AYR RACE 7 - WIN'!D:D) -> 2.4 | I9: =_xlfn.XLOOKUP(C9,'AYR RACE 7 - WIN'!B:B,'AYR RACE 7 - WIN'!D:D) -> 8.7 | J9: =1/G9 -> 0.27777778 | K9: =1/H9 -> 0.41666667 | L9: =1/I9 -> 0.11494253 | M9: =1-J9 -> 0.72222222 | N9: =1-J9-K9 -> 0.30555556 | O9: =J9*(K9/M9)*(L9/N9) -> 0.060284543 | P9: =1/O9 -> 16.588 | Q9: =IFERROR(D9/P9-1,0) -> 1.4475524
A10: 2 | B10: 7 | C10: 4 | D10: 42.1 | E10: =1/D10 -> 0.023752969 | F10: =($U$2/(D10*$S$2)) -> 279.79992 | G10: =_xlfn.XLOOKUP(A10,'AYR RACE 7 - WIN'!B:B,'AYR RACE 7 - WIN'!D:D) -> 3.6 | H10: =_xlfn.XLOOKUP(B10,'AYR RACE 7 - WIN'!B:B,'AYR RACE 7 - WIN'!D:D) -> 4.2 | I10: =_xlfn.XLOOKUP(C10,'AYR RACE 7 - WIN'!B:B,'AYR RACE 7 - WIN'!D:D) -> 2.4 | J10: =1/G10 -> 0.27777778 | K10: =1/H10 -> 0.23809524 | L10: =1/I10 -> 0.41666667 | M10: =1-J10 -> 0.72222222 | N10: =1-J10-K10 -> 0.48412698 | O10: =J10*(K10/M10)*(L10/N10) -> 0.078814628 | P10: =1/O10 -> 12.688 | Q10: =IFERROR(D10/P10-1,0) -> 2.3180958
A11: 7 | B11: 2 | C11: 4 | D11: 46.9 | E11: =1/D11 -> 0.021321962 | F11: =($U$2/(D11*$S$2)) -> 251.16368 | G11: =_xlfn.XLOOKUP(A11,'AYR RACE 7 - WIN'!B:B,'AYR RACE 7 - WIN'!D:D) -> 4.2 | H11: =_xlfn.XLOOKUP(B11,'AYR RACE 7 - WIN'!B:B,'AYR RACE 7 - WIN'!D:D) -> 3.6 | I11: =_xlfn.XLOOKUP(C11,'AYR RACE 7 - WIN'!B:B,'AYR RACE 7 - WIN'!D:D) -> 2.4 | J11: =1/G11 -> 0.23809524 | K11: =1/H11 -> 0.27777778 | L11: =1/I11 -> 0.41666667 | M11: =1-J11 -> 0.76190476 | N11: =1-J11-K11 -> 0.48412698 | O11: =J11*(K11/M11)*(L11/N11) -> 0.074709699 | P11: =1/O11 -> 13.385143 | Q11: =IFERROR(D11/P11-1,0) -> 2.5038849
A12: 4 | B12: 3 | C12: 7 | D12: 47.1 | E12: =1/D12 -> 0.021231423 | F12: =($U$2/(D12*$S$2)) -> 250.09717 | G12: =_xlfn.XLOOKUP(A12,'AYR RACE 7 - WIN'!B:B,'AYR RACE 7 - WIN'!D:D) -> 2.4 | H12: =_xlfn.XLOOKUP(B12,'AYR RACE 7 - WIN'!B:B,'AYR RACE 7 - WIN'!D:D) -> 8.7 | I12: =_xlfn.XLOOKUP(C12,'AYR RACE 7 - WIN'!B:B,'AYR RACE 7 - WIN'!D:D) -> 4.2 | J12: =1/G12 -> 0.41666667 | K12: =1/H12 -> 0.11494253 | L12: =1/I12 -> 0.23809524 | M12: =1-J12 -> 0.58333333 | N12: =1-J12-K12 -> 0.4683908 | O12: =J12*(K12/M12)*(L12/N12) -> 0.041734485 | P12: =1/O12 -> 23.961 | Q12: =IFERROR(D12/P12-1,0) -> 0.96569425
A13: 7 | B13: 4 | C13: 3 | D13: 49.7 | E13: =1/D13 -> 0.020120724 | F13: =($U$2/(D13*$S$2)) -> 237.01361 | G13: =_xlfn.XLOOKUP(A13,'AYR RACE 7 - WIN'!B:B,'AYR RACE 7 - WIN'!D:D) -> 4.2 | H13: =_xlfn.XLOOKUP(B13,'AYR RACE 7 - WIN'!B:B,'AYR RACE 7 - WIN'!D:D) -> 2.4 | I13: =_xlfn.XLOOKUP(C13,'AYR RACE 7 - WIN'!B:B,'AYR RACE 7 - WIN'!D:D) -> 8.7 | J13: =1/G13 -> 0.23809524 | K13: =1/H13 -> 0.41666667 | L13: =1/I13 -> 0.11494253 | M13: =1-J13 -> 0.76190476 | N13: =1-J13-K13 -> 0.3452381 | O13: =J13*(K13/M13)*(L13/N13) -> 0.043351169 | P13: =1/O13 -> 23.067429 | Q13: =IFERROR(D13/P13-1,0) -> 1.1545531
A14: 2 | B14: 3 | C14: 4 | D14: 57.2 | E14: =1/D14 -> 0.017482517 | F14: =($U$2/(D14*$S$2)) -> 205.93665 | G14: =_xlfn.XLOOKUP(A14,'AYR RACE 7 - WIN'!B:B,'AYR RACE 7 - WIN'!D:D) -> 3.6 | H14: =_xlfn.XLOOKUP(B14,'AYR RACE 7 - WIN'!B:B,'AYR RACE 7 - WIN'!D:D) -> 8.7 | I14: =_xlfn.XLOOKUP(C14,'AYR RACE 7 - WIN'!B:B,'AYR RACE 7 - WIN'!D:D) -> 2.4 | J14: =1/G14 -> 0.27777778 | K14: =1/H14 -> 0.11494253 | L14: =1/I14 -> 0.41666667 | M14: =1-J14 -> 0.72222222 | N14: =1-J14-K14 -> 0.60727969 | O14: =J14*(K14/M14)*(L14/N14) -> 0.030332444 | P14: =1/O14 -> 32.968 | Q14: =IFERROR(D14/P14-1,0) -> 0.73501577
... A47: 5 | B47: 3 | C47: 9 | D47: 4979.6 | E47: =1/D47 -> 0.00020081934 | F47: =($U$2/(D47*$S$2)) -> 2.3655668 | G47: =_xlfn.XLOOKUP(A47,'AYR RACE 7 - WIN'!B:B,'AYR RACE 7 - WIN'!D:D) -> 77.8 | H47: =_xlfn.XLOOKUP(B47,'AYR RACE 7 - WIN'!B:B,'AYR RACE 7 - WIN'!D:D) -> 8.7 | I47: =_xlfn.XLOOKUP(C47,'AYR RACE 7 - WIN'!B:B,'AYR RACE 7 - WIN'!D:D) -> 19.8 | J47: =1/G47 -> 0.01285347 | K47: =1/H47 -> 0.11494253 | L47: =1/I47 -> 0.050505051 | M47: =1-J47 -> 0.98714653 | N47: =1-J47-K47 -> 0.872204 | O47: =J47*(K47/M47)*(L47/N47) -> 8.6663508e-05 | P47: =1/O47 -> 11538.882 | Q47: =IFERROR(D47/P47-1,0) -> -0.5684504
